{"mean": [77.14131685228246, 0.8363725370211724, 1014.5277614331171, 29.074238159344024, 0.2066686855953984], "var": [83.19664562852397, 3.4705947964750106, 1.875306167249214, 4.511265100054083, 0.24463062282267578], "scale": [9.121219525289586, 1.862953245917624, 1.369418185672008, 2.1239738934492776, 0.49460147879143646]}
